WAKEUP_IN,PC0
AP_READY,PC1
W_DISABLE,PC2
RESET_MODULE,PC3
INT,PA0
DTR_MODULE,PA1
PA2,PA2
PA3,PA3
PA4,PA4
PA5,PA5
PA6,PA6
PA7,PA7
PWRKEY_MODULE,PC4
I2C_POWR,PC5
PB0,PB0
LED_RGB,PB1
PB2,PB2
GRO_POWR,PB10
PB11,PB11
ANT_POWR,PB12
RX_LED,PB13
TX_LED,PB14
PB15,PB15
PC6,PC6
PC7,PC7
SDIO_D0,PC8
SDIO_D1,PC9
PA8,PA8
USB_OTG_FS_VBUS,PA9
PA10,PA10
SWDIO,PA13
SWCLK,PA14
SD_POWR,PA15
SDIO_D2,PC10
SDIO_D3,PC11
SDIO_CK,PC12
PD2,PD2
PB3,PB3
PB4,PB4
M_POWR,PB5
USART1_TX,PB6
USART1_RX,PB7
I2C1_SCL,PB8
I2C1_SDA,PB9
PC13,PC13
RCC_OSC32_IN,PC14
RCC_OSC32_OUT,PC15
RCC_OSC_IN,PH0
RCC_OSC_OUT,PH1
